,proposal,arguments_num,proposal_w_arg,% share,nouns,entities,linkers
0,pid-1419,150,False,2.68,"{'propuesta': 61, 'bici': 59, 'manera': 40, 'foro': 40, 'fin': 40, 'contacto': 39, 'coches': 22, 'carril': 18, 'coche': 14, 'bicis': 10, 'transporte': 9, 'web': 9, 'calzada': 9, 'tambien': 9, 'medio': 8, 'ciclistas': 8, 'apoyos': 7, 'peatones': 7, 'miedo': 6, 'carriles': 6, 'personas': 6, 'km': 6, 'conductores': 5, 'cosas': 5, 'visitas': 5, 'ciudad': 5, 'gente': 5, 'cuenta': 5, 'red': 5, 'q': 5, 'bicicleta': 4, 'momento': 4, 'dias': 4, 'propuestas': 4, 'puesto': 4, 'aparcamientos': 4, 'numero': 4, 'forma': 4, 'trafico': 4, 'medidas': 4, 'par': 4, 'h': 4, 'mia': 3, 'calle': 3, 'normas': 3, 'uso': 3, 'bicicletas': 3, 'cuestion': 3, 'problema': 3, 'tiempo': 3, 'espacio': 3, 'derecho': 3, 'soluciones': 3, 'hacerlo': 2, 'comienzo': 2, 'movilidad': 2, 'monto': 2, 'vida': 2, 'video': 2, 'velocidad': 2, 'seguridad': 2, 'tipo': 2, 'centro': 2, 'mayoria': 2, 'idea': 2, 'resto': 2, 'vehiculos': 2, 'pata': 2, 'ano': 2, 'dia': 2, 'decir': 2, 'aceras': 2, 'ademas': 2, 'obligaciones': 2, 'capricho': 2, 'cosa': 2, 'centros': 2, 'edad': 2, 'gracias': 2, 'caso': 2, 'comentarios': 2, 'razon': 2, 'infraestructura': 2, 'acuerdo': 2, 'favor': 2, 'electricas': 2, 'ciclista': 2, 'semaforo': 2, 'implantacion': 1, 'beneficiados': 1, 'proporcion': 1, 'separado': 1, 'medios': 1, 'elemento': 1, 'usuario': 1, 'suicida': 1, 'formulas': 1, 'paises': 1, 'banda': 1, 'rojo': 1, 'temas': 1, 'familias': 1, 'recursos': 1, 'hijos': 1, 'capital': 1, 'mentalidad': 1, 'dudas': 1, 'accidentes': 1, 'distancia': 1, 'desgracia': 1, 'mercado': 1, 'dispositivos': 1, 'motos': 1, 'circulacion': 1, 'ritmo': 1, 'relajarte': 1, 'ciudades': 1, 'humos': 1, 'peaton': 1, 'parte': 1, 'ciudadania': 1, 'disputas': 1, 'estudiarlo': 1, 'lsto': 1, 'desplazamientos': 1, 'costa': 1, 'ombligo': 1, 'mundo': 1, 'cuadros': 1, 'enemigo': 1, 'calzadas': 1, 'contrario': 1, 'presupuestos': 1, 'seccion': 1, 'ponerlas': 1, 'opciones': 1, 'busqueda': 1, 'votos': 1, 'partia': 1, 'cero': 1, 'obsesion': 1, 'tema': 1, 'tal': 1, 'condiciones': 1, 'medias': 1, 'eficiencia': 1, 'autobuses': 1, 'viviendas': 1, 'obligacion': 1, 'burro': 1, 'camiones': 1, 'metro': 1, 'anos': 1, 'cole': 1, 'sitios': 1, 'estaciones': 1, 'coles': 1, 'conductor': 1, 'campana': 1, 'informacion': 1, 'colegios': 1, 'bus': 1, 'paso': 1, 'demanda': 1, 'necesidades': 1, 'trazado': 1, 'etc.': 1, 'fotocopias': 1, 'repartirlas': 1, 'casa': 1, 'campo': 1, 'Gracias': 1, 'link': 1, 'bien': 1, 'caida': 1, 'rotura': 1, 'cadera': 1, 'pintura': 1, 'estudio': 1, 'ejemplos': 1, 'servicios': 1, 'limpieza': 1, 'gestion': 1, 'sera': 1, 'lados': 1, 'incentivo': 1, 'dinero': 1, 'combustible': 1, 'gastos': 1, 'mantenimiento': 1, 'aparcamiento': 1, 'multas': 1, 'enlace': 1, 'ambiente': 1, 'compensaros': 1, 'nexo': 1, 'union': 1, 'tendre': 1, 'funcionamiento': 1, 'sorpresas': 1, 'marcha': 1, 'texto': 1, 'lacra': 1, 'mal': 1, 'circunstancia': 1, 'convivencia': 1, 'vehiculo': 1, 'gusto': 1, 'pese': 1, 'patinetes': 1, 'demas': 1, 'peticiones': 1, 'ciudadanos': 1, 'pastel': 1, 'medicina': 1, 'parrafada': 1, 'testimonio': 1, 'experiencia': 1, 'relevancia': 1, 'inversion': 1, 'ridicula': 1, 'comparacion': 1, 'proyectos': 1, 'moda': 1, 'fe': 1, 'alli': 1, 'veces': 1, 'semana': 1, 'responsable': 1, 'inversiones': 1, 'resultado': 1, 'encontraras': 1, 'Carril-bici': 1, 'Queria': 1, 'datos': 1, 'trayectos': 1, 'asunto': 1, 'modo': 1, 'zona': 1, 'automovilistas': 1, 'fluidez': 1, 'reduccion': 1, 'motor': 1, 'motivo': 1, 'visitantes': 1, 'eje': 1, 'proyecto': 1, 'vias': 1, 'ponerse': 1, 'problemas': 1, 'dificultad': 1, 'comunicaciones': 1, 'beneficio': 1, 'dano': 1, 'desplazarnos': 1, 'peligro': 1, 'sistema': 1, 'locura': 1, 'diario': 1, 'san': 1, 'vega': 1, 'madrid': 1, 'experta': 1, 'nervios': 1, 'porfa': 1, 'carteles': 1, 'tarifas': 1, 'tarifa': 1, 'aire': 1, 'amigos': 1, 'montones': 1, 'portal': 1, 'creadores': 1, 'kilometros': 1, 'ocasiones': 1, 'calles': 1, 'mercancias': 1, 'turno': 1, 'ganas': 1, 'estorbo': 1, 'rey': 1, 'avenida': 1, 'cola': 1, 'comodo': 1, 'semanas': 1, 'meses': 1}","{'Madrid': 7, 'Amsterdam': 4, 'Copenhague': 4, 'ciclista': 3, 'Ayuntamiento': 2, 'Bicimad': 1, 'Estocolmo': 1, 'Espana': 1, 'Universidades': 1, 'Cambridge': 1, 'conductor': 1, 'MadridRio': 1, 'BICIMAD': 1, 'https://www.youtube.com/watch?v=g-Vq9zXHuzw': 1, 'Carril-bici': 1, 'Aunq': 1, 'Carril': 1, 'rey': 1, 'Portugal': 1}","{'pero': 69, 'para': 58, 'porque': 9, 'sino': 4, 'aunque': 3, 'mientras': 2, 'como': 2, 'si': 2, 'ya que': 1}"
1,pid-965,58,False,1.04,"{'sindicatos': 11, 'parte': 6, 'iglesia': 6, 'impuestos': 5, 'ley': 5, 'acuerdo': 5, 'impuesto': 4, 'ciudadanos': 4, 'propuesta': 4, 'gente': 4, 'intereses': 4, 'edificios': 3, 'trabajadores': 3, 'religion': 3, 'fin': 3, 'tambien': 3, 'respuesta': 2, 'error': 2, 'instituciones': 2, 'ahi': 2, 'dinero': 2, 'personas': 2, 'defensa': 2, 'opcion': 2, 'locales': 2, 'vecino': 2, 'religiones': 2, 'lado': 2, 'servicio': 2, 'razon': 2, 'matricula': 2, 'injusticia': 2, 'organizaciones': 2, 'patrimonio': 2, 'resto': 2, 'respeto': 2, 'nacimiento': 2, 'templos': 2, 'recursos': 2, 'pisos': 2, 'mes': 2, 'mociones': 2, 'familias': 2, 'coste': 2, 'asociaciones': 2, 'respuestas': 1, 'decias': 1, 'motivo': 1, 'aversion': 1, 'ejemplo': 1, 'verdad': 1, 'veces': 1, 'propiedad': 1, 'persistencia': 1, 'ignorarlo': 1, 'margen': 1, 'medios': 1, 'funcion': 1, 'constitucion': 1, 'condicion': 1, 'base': 1, 'creencia': 1, 'diferencia': 1, 'esfera': 1, 'exenciones': 1, 'culto': 1, 'mezquitas': 1, 'sinagogas': 1, 'contumacia': 1, 'deficit': 1, 'comprension': 1, 'conocimiento': 1, 'realidad': 1, 'obcecacion': 1, 'argumentos': 1, 'inexactitudes': 1, 'pseudoverdades': 1, 'sindictaaos': 1, 'cuanto': 1, 'sindicato': 1, 'embargo': 1, 'organizadores': 1, 'huelguita': 1, 'potestad': 1, 'nombre': 1, 'dueno': 1, 'hijo': 1, 'ideas': 1, 'ideologias': 1, 'sociedad': 1, 'forma': 1, 'venganza': 1, 'ademas': 1, 'afinidad': 1, 'cabo': 1, 'inmatricula': 1, 'solo': 1, 'rositas': 1, 'ano': 1, 'embajadas': 1, 'supuesto': 1, 'domicilio': 1, 'disfrute': 1, 'cardenal': 1, 'privilegios': 1, 'arcas': 1, 'actuaciones': 1, 'mundo': 1, 'gastos': 1, 'pais': 1, 'vida': 1, 'cesion': 1, 'terrenos': 1, 'comedores': 1, 'conventos': 1, 'entradas': 1, 'monumentos': 1, 'mantenimiento': 1, 'empleo': 1, 'oficinas': 1, 'bancos': 1, 'beneficio': 1, 'confesion': 1, 'paga': 1, 'decir': 1, 'mariscadas': 1, 'sindicalistas': 1, 'bolsillo': 1, 'problema': 1, 'principios': 1, 'quiera': 1, 'asi': 1, 'curas': 1, 'hambre': 1, 'museos': 1, 'km': 1, 'longitud': 1, 'regalos': 1, 'obras': 1, 'arte': 1, 'valor': 1, 'entrada': 1, 'catedral': 1, 'barrios': 1, 'ciudad': 1, 'piso': 1, 'lujo': 1, 'Familias': 1, 'opinion': 1, 'donacion': 1, 'herencia': 1, 'incremento': 1, 'imposicion': 1, 'repaso': 1, 'historia': 1, 'pueblo': 1, 'mejoras': 1, 'afiliados': 1, 'peticiones': 1, 'pastel': 1, 'medicina': 1, 'VOTO': 1, 'CONTRA': 1, 'inmuebles': 1, 'duracion': 1, 'educacion': 1, 'bienes': 1, 'apoyo': 1, 'paises': 1, 'funcionarios': 1, 'cargo': 1, 'montones': 1, 'cuenta': 1, 'argumento': 1, 'envidia': 1, 'nino': 1, 'plaza': 1, 'publica': 1, 'moisma': 1, 'costes': 1, 'propiedades': 1, 'uso': 1, 'medico': 1, 'pago': 1, 'dineral': 1, 'clubes': 1, 'futbol': 1, 'confesiones': 1, 'grupos': 1, 'presion': 1, 'objetivos': 1}","{'IBI': 10, 'Iglesia': 2, 'IC': 1, 'PAS': 1, 'Disculpe': 1, 'CNT': 1, 'IglesiaCatolica': 1, 'Estado': 1, 'Espana': 1, 'AntonioMariaRoucoVarela': 1, 'NunciodelPapa': 1, 'cardenal': 1, 'MonsenorRenzoFratini': 1, 'Ayuntamiento': 1, 'Catolica': 1, 'IglesiaEstado': 1, 'Vaticano': 1, 'Almudena': 1, 'Rouco': 1, 'Alemania': 1, 'Noruega': 1, 'ONG': 1}","{'pero': 28, 'para': 9, 'como': 8, 'porque': 3, 'mientras': 3, 'sino': 2, 'ya que': 1, 'en lugar de': 1, 'de igual forma': 1, 'si': 1, 'segun': 1}"
2,pid-20389,50,True,0.89,"{'arboles': 16, 'calle': 8, 'tambien': 7, 'vez': 7, 'arbol': 7, 'd': 6, 'propuesta': 5, 'ciudad': 5, 'barrio': 4, 'cuidado': 4, 'zona': 4, 'parque': 4, 'ciudadania': 4, 'tramo': 4, 'ideas': 4, 'c': 4, 'contaminacion': 3, 'favor': 3, 'acuerdo': 3, 'zonas': 3, 'aire': 2, 'seres': 2, 'casos': 2, 'forma': 2, 'ejemplo': 2, 'bien': 2, 'suerte': 2, 'idea': 2, 'proyecto': 2, 'lugares': 2, 'plantas': 2, 'verano': 2, 'vista': 2, 'personas': 2, 'parte': 2, 'falta': 2, 'anos': 2, 'm': 2, 'seguimiento': 2, 'fuerza': 2, 'amposta': 2, 'bancos': 2, 'gestion': 2, 'coche': 2, 'dia': 2, 'nativos': 1, 'region': 1, 'calidad': 1, 'estilo': 1, 'vida': 1, 'estetica': 1, 'semanas': 1, 'excusa': 1, 'resto': 1, 'asesinato': 1, 'regla': 1, 'mentira': 1, 'incongruencia': 1, 'sinsentido': 1, 'intromision': 1, 'mia': 1, 'pinos': 1, 'altitud': 1, 'supuesto': 1, 'alergias': 1, 'plataneros': 1, 'demas': 1, 'reforestacion': 1, 'tiempo': 1, 'alcorque': 1, 'comentarios': 1, 'despues': 1, 'mantenerlos': 1, 'privilegio': 1, 'frente': 1, 'capital': 1, 'argumentos': 1, 'hojas': 1, 'perenes': 1, 'efectos': 1, 'impacto': 1, 'salud': 1, 'tipo': 1, 'nivel': 1, 'iniciativa': 1, 'opiniones': 1, 'respecto': 1, 'euros': 1, 'costa': 1, 'ideal': 1, 'ciudadado': 1, 'muertos': 1, 'dinero': 1, 'basura': 1, 'estrategia': 1, 'pre-elecciones': 1, 'experiencia': 1, 'tamano': 1, 'opinion': 1, 'vecinos': 1, 'ambiente': 1, 'temperatura': 1, 'julio': 1, 'agosto': 1, 'horas': 1, 'calor': 1, 'obligacion': 1, 'cuenta': 1, 'superficies': 1, 'coudad': 1, 'hilos': 1, 'avion': 1, 'estela': 1, 'suelta': 1, 'mundo': 1, 'estabilidad': 1, 'ordenes': 1, 'cuerpos': 1, 'drones': 1, 'pajaros': 1, 'indice': 1, 'aqui': 1, 'arboleda': 1, 'veces': 1, 'pena': 1, 'accion': 1, 'futuro': 1, 'mal': 1, 'entrada': 1, 'garaje': 1, 'edificio': 1, 'construccion': 1, 'espacios': 1, 'empresas': 1, 'obras': 1, 'jardines': 1, 'funcion': 1, 'sugerencia': 1, 'consonancia': 1, 'M30': 1, 'direccion': 1, 'paramo': 1, 'via': 1, 'suplicio': 1, 'restituyen': 1, 'jovenes': 1, 'directrices': 1, 'lugar': 1, 'lado': 1, 'palitroques': 1, 'cosas': 1, 'cuerpo': 1, 'especialistas': 1, 'plantacion': 1, 'distrito': 1, 'mantenimiento': 1, 'enfermos': 1, 'pobladura': 1, 'valle': 1, 'ademas': 1, 'ausencia': 1, 'sales': 1, 'padres': 1, 'banco': 1, 'ganas': 1, 'arcos': 1, 'jalon': 1, 'repoblacion': 1, 'gente': 1, 'catastrofe': 1, 'dejadez': 1, 'TAPADO': 1, 'criticas': 1, 'actuaciones': 1, 'corporaciones': 1, 'errores': 1, 'ahi': 1, 'colmo': 1, 'accidentes': 1, 'raiz': 1, 'ayuntamiento': 1, 'cabeza': 1, 'numero': 1, 'coches': 1, 'abandono': 1, 'enfermedades': 1, 'resultado': 1, 'esperanzas': 1, 'arbolado': 1, 'colaboracion': 1}","{'Madrid': 7, 'Arborizacion': 1, 'https://decide.madrid.es/proposals/23447-elegir-cada-mes-la-propuesta-mas-apoyada-aunque-no-supere-los-27-000-apoyos': 1, 'Salamanca': 1, 'avda.delaIlustraccion': 1, 'Retiro': 1, 'Ayala': 1, 'Parquedel': 1, 'Oeste': 1, 'NASA': 1, 'Vallecas': 1, 'M30': 1, 'MendezAlvaro': 1, 'Ayuntamiento': 1, 'Sra.Sabanes': 1}","{'pero': 37, 'para': 10, 'como': 2, 'porque': 1}"
3,pid-15711,47,False,0.84,"{'millones': 15, 'euros': 11, 'barrio': 10, 'parcela': 7, 'suelo': 7, 'metros': 7, 'vivienda': 5, 'proyecto': 5, 'nombre': 3, 'consulta': 3, 'venta': 3, 'superficie': 3, 'valor': 3, 'recursos': 2, 'tambien': 2, 'personas': 2, 'cambio': 2, 'parque': 2, 'centro': 2, 'falta': 2, 'pie': 2, 'proyectos': 2, 'viviendas': 2, 'cabeza': 2, '2013': 2, 'vida': 2, 'empresas': 2, 'jurista': 1, 'caso': 1, 'prevaricacion': 1, 'fondos': 1, 'uso': 1, 'hogar': 1, 'dejarte': 1, 'pasta': 1, 'hecho': 1, 'guarderia': 1, 'noches': 1, 'difundirlo': 1, 'numero': 1, 'servicios': 1, 'palabra': 1, 'amigos': 1, 'equipo': 1, 'gobierno': 1, 'dedo': 1, 'concurso': 1, 'prioridad': 1, 'equipamiento': 1, 'culpa': 1, 'ayuntamiento': 1, 'verdad': 1, 'punto': 1, 'vista': 1, 'servicio': 1, 'comunidad': 1, 'inversion': 1, 'espanten': 1, 'problemas': 1, 'casos': 1, 'dinero': 1, 'promotores': 1, 'vecinos': 1, 'ejemplo': 1, 'iniciativas': 1, 'actitud': 1, 'abuso': 1, 'injusticia': 1, 'respeto': 1, 'ciudadano': 1, 'obras': 1, 'estafa': 1, 'asomo': 1, 'tipo': 1, 'problema': 1, 'voluntad': 1, 'hacerlo': 1, 'votos': 1, 'polideportivo': 1, 'ona': 1, 'chinarro': 1, 'pregunta': 1, 'superavit': 1, 'cuadrados': 1, 'calculos': 1, 'metro': 1, '2017': 1, 'torno': 1, 'experimento': 1, 'base': 1, 'insistencia': 1, 'doble': 1, 'edificabilidad': 1, 'tamano': 1, 'soberbia': 1, 'cinismo': 1, 'antecesores': 1, 'favor': 1, 'PERSONAS': 1, 'CONTRA': 1, 'ARTEFACTO': 1, 'cuenta': 1, 'ideas': 1, 'aire': 1, 'tal': 1, 'prioridades': 1, 'colegio': 1, 'niveles': 1, 'ninos': 1, 'instalaciones': 1, 'salud': 1, 'paradas': 1, 'autobuses': 1, 'necesidades': 1, 'cretino': 1, 'mezclaros': 1, 'chusma': 1, 'arte-facto': 1, 'conciencias': 1, 'democracia': 1, 'familias': 1, 'pulmon': 1, 'parques': 1, 'arboles': 1, 'jeringuillas': 1, 'drogatas': 1, 'solidaridad': 1, 'desparpajo': 1, 'soltura': 1, 'cuerpo': 1, 'ponerte': 1, 'escondiendote': 1, 'seudonimo': 1, 'confiesas': 1, 'demas': 1, 'principio': 1, 'siquiera': 1, 'apellidos': 1, 'confianza': 1, 'capacidades': 1, 'argumentos': 1, 'asegurarte': 1, 'distritos': 1, 'construccion': 1, 'preacuerdos': 1, 'contratos': 1, 'olor': 1, 'cabo': 1, 'renegociaciones': 1, 'entenderos': 1, 'evidencia': 1, 'cooperativistas': 1, 'consistorios': 1, 'serie': 1, 'realidad': 1}","{'Ayuntamiento': 5, 'Valdebebas': 5, 'FelipeVI': 2, 'Edmas': 1, 'jurista': 1, 'Hortaleza': 1, 'ElEscorial': 1, 'PGOU': 1, 'Junta': 1, 'CentroCultural': 1, 'San': 1, 'Chinarro': 1, 'ValdebebasSportClub': 1, 'ViviendaLibre': 1, 'AnaBotella': 1, 'Administraciones': 1, 'https://decide.madrid.es/proposals/15996-stop-artefacto-san-blas#_=_': 1, 'Escasisima': 1, 'Bottle': 1, 'Vere': 1}","{'pero': 23, 'para': 8, 'sino': 4, 'si': 4, 'como': 3, 'porque': 3, 'de acuerdo con': 1, 'ante': 1}"
4,pid-22742,37,False,0.66,"{'gente': 82, 'firmas': 16, 'recogida': 16, 'via': 16, 'web': 16, 'falta': 9, 'propuesta': 6, 'ninos': 6, 'barrios': 6, 'parques': 5, 'distritos': 5, 'columpios': 4, 'parque': 4, 'zona': 4, 'servicios': 3, 'necesidad': 2, 'padres': 2, 'espacios': 2, 'calle': 2, 'barrio': 2, 'iniciativa': 2, 'derecho': 2, 'idea': 2, 'jovenes': 2, 'centro': 2, 'policia': 2, 'nivel': 2, 'colaboracion': 2, 'toboganes': 1, 'parte': 1, 'espacio': 1, 'hyde': 1, 'park': 1, 'aeropuerto': 1, 'tempelhof': 1, 'columpio': 1, 'extensiones': 1, 'realizacion': 1, 'actividades': 1, 'ocio': 1, 'lado': 1, 'duarte': 1, 'manuel': 1, 'fuente': 1, 'berro': 1, 'puerta': 1, 'chaval': 1, 'calles': 1, 'peculiaridades': 1, 'caracter': 1, 'urgencia': 1, 'intromision': 1, 'mia': 1, 'arboles': 1, 'sombra': 1, 'verano': 1, 'malditos': 1, 'minimo': 1, 'adultos': 1, 'edad': 1, 'bibliotecas': 1, 'polideportivos': 1, 'comunicados': 1, 'mundo': 1, 'cuenta': 1, 'comunicacion': 1, 'sitios': 1, 'q': 1, 'discapacidad': 1, 'enfermedades': 1, 'infancia': 1, 'zonas': 1, 'perros': 1, 'necesidades': 1, 'futbol': 1, 'hierba': 1, 'vecino': 1, 'patios': 1, 'colegios': 1, 'institutos': 1, 'albur': 1, 'politico': 1, 'turno': 1, 'minimos': 1, 'ayuntamiento': 1, 'juicio': 1, 'medio': 1, 'politicas': 1, 'funciones': 1, 'van': 1, 'dia': 1, 'carga': 1, 'ciudad': 1, 'distrito': 1}","{'Berlin': 1, 'Londres': 1, 'Lachavi': 1, 'GregorioOrdonez': 1, 'manuelbecerra': 1, 'Alcantara': 1, 'Alcala': 1, 'Madrid': 1, 'Narvaez': 1, 'Retiro': 1, 'FelipeII': 1, 'PilardeZaragoza': 1, ""O'donell"": 1, 'MedialabLaidea': 1, 'https://decide.madrid.es/proposals/23447-elegir-cada-mes-la-propuesta-mas-apoyada-aunque-no-supere-los-27-000-apoyos': 1, 'Aluche': 1, 'Latina': 1, 'Carabanchel': 1, 'Centro': 1, 'Moratalaz': 1}","{'para': 19, 'pero': 16, 'porque': 1, 'sino': 1}"
5,pid-7,28,False,0.5,"{'calles': 9, 'ciudadanos': 6, 'simil': 4, 'barrio': 4, 'tambien': 4, 'propuesta': 3, 'ciudadano': 3, 'limpieza': 3, 'metros': 3, 'calle': 3, 'guarros': 3, 'gobierno': 2, 'educacion': 2, 'ideal': 2, 'gente': 2, 'dia': 2, 'camiones': 2, 'papeleras': 2, 'colegios': 2, 'basura': 2, 'coches': 2, 'cosa': 2, 'reclamaciones': 2, 'ayuntamiento': 2, 'lados': 2, 'zona': 2, 'tiempo': 2, 'estaras': 2, 'madrid': 1, 'rio': 1, 'paso': 1, 'peatones': 1, 'temas': 1, 'vida': 1, 'familias': 1, 'recursos': 1, 'hijos': 1, 'distrito': 1, 'voto': 1, 'concienciacion': 1, 'informacion': 1, 'situacion': 1, 'medidas': 1, 'materia': 1, 'rato': 1, 'servicio': 1, 'prioridades': 1, 'comillas': 1, 'vez': 1, 'escala': 1, 'Ejemplos': 1, 'alrededores': 1, 'redonda': 1, 'longitus': 1, 'portales': 1, 'vecinos': 1, 'clase': 1, 'arboles': 1, 'alcantarillas': 1, 'noche': 1, 'identidad': 1, 'tan': 1, 'puerta': 1, 'diputados': 1, 'van': 1, 'cristales': 1, 'veces': 1, 'cerdada': 1, 'ejemplo': 1, 'cardada': 1, 'embajadores-casco': 1, 'bolardos': 1, 'paredes': 1, 'meadas': 1, 'perro': 1, 'cultura': 1, 'papelera': 1, 'contenedores': 1, 'cuanto': 1, 'argumento': 1, 'enjundia': 1, 'guarr@s': 1, 'cartelitos': 1, 'base': 1, 'multazo': 1, 'agosto': 1, 'plan': 1, 'refuerzo': 1, 'problema': 1, 'empresas': 1, 'concesionarias': 1, 'multas': 1, 'infractores': 1, 'deber': 1, 'aqui': 1, 'buzon': 1, 'quejas': 1, 'favor': 1, 'publicidad': 1, 'accidentes': 1, 'soluciones': 1, 'hilos': 1, 'actividad': 1, 'aceras': 1, 'jardines': 1, 'diferencia': 1, 'caso': 1, 'bano': 1, 'heces': 1, 'acuerdo': 1, 'anos': 1, 'brigadas': 1, 'sanciones': 1}","{'Madrid': 5, 'Usera': 1, 'principal': 1, 'Salamanca': 1, 'Retiro': 1, 'AsambleadeMadrid': 1, 'GarciaMiranda': 1, 'LaAsambleade': 1, 'LaAsambleadeMadrid': 1, 'PuertadelSol': 1, 'Arganzuela': 1, 'DGT': 1, 'Ciudad': 1, 'Basuras': 1}","{'pero': 18, 'para': 6, 'sino': 2, 'porque': 1, 'si': 1}"
6,pid-615,26,False,0.47,"{'ciclistas': 9, 'coche': 7, 'ciclista': 7, 'tambien': 6, 'calles': 5, 'coches': 5, 'normas': 5, 'carril': 4, 'deberes': 4, 'acera': 3, 'bici': 3, 'seguridad': 3, 'trafico': 3, 'ciudad': 3, 'normativa': 3, 'claxon': 3, 'accidentes': 2, 'paso': 2, 'bicicletas': 2, 'problema': 2, 'derecha': 2, 'cuanto': 2, 'peaton': 2, 'medio': 2, 'acuerdo': 2, 'centro': 2, 'bicicleta': 2, 'circulacion': 2, 'automovilistas': 2, 'saltarse': 1, 'inconsciencia': 1, 'derecho': 1, 'impuestos': 1, 'multas': 1, 'permisividad': 1, 'policia': 1, 'senalizacion': 1, 'ciclo': 1, 'peatones': 1, 'suelo': 1, 'prioridad': 1, 'idea': 1, 'acoso': 1, 'contrario': 1, 'centrarnos': 1, 'derechos': 1, 'cosa': 1, 'calle': 1, 'cebra': 1, 'vehiculo': 1, 'pirulas': 1, 'carriles': 1, 'velocidad': 1, 'postura': 1, 'conductores': 1, 'bicis': 1, 'motivos': 1, 'propuesta': 1, 'colectivo': 1, 'ciudadania': 1, 'informacion': 1, 'realidad': 1, 'aceras': 1, 'patines': 1, 'patinetes': 1, 'locos': 1, 'supuesto': 1, 'infraestructuras': 1, 'multaria': 1, 'fila': 1, 'distancia': 1, 'medidas': 1, 'Hombre': 1, 'colectivos': 1, 'automovilista': 1, 'barbaridades': 1, 'tocarnos': 1, 'etc.': 1, 'luces': 1, 'dia': 1, 'gente': 1, 'mal': 1, 'pitadas': 1, 'leche': 1, 'cabronazos': 1, 'favor': 1, 'uso': 1, 'transporte': 1, 'parte': 1, 'semaforos': 1, 'cumplirlas': 1, 'cabeza': 1, 'fin': 1, 'esperarme': 1, 'educacion': 1, 'bajarme': 1, 'casos': 1, 'euros': 1, 'auriculares': 1}","{'ciclista': 7, 'Espana': 1, 'Ayuntamiento': 1, 'Madrid': 1, 'Valencia': 1}","{'pero': 17, 'sino': 3, 'para': 2, 'como': 2, 'si': 1, 'porque': 1}"
7,pid-20657,22,False,0.39,"{'ciudad': 6, 'precio': 5, 'pisos': 3, 'empresas': 3, 'vecinos': 3, 'vosotros': 2, 'viviendas': 2, 'alquiler': 2, 'barrios': 2, 'ciudadanos': 2, 'ciudades': 2, 'edificios': 2, 'medida': 2, 'colaboracion': 2, 'S': 1, 'alqukl': 1, 'er': 1, 'alquilarlos': 1, 'demas': 1, 'centro': 1, 'diferencias': 1, 'medios': 1, 'asunto': 1, 'sector': 1, 'datos': 1, 'fines': 1, 'problema': 1, 'intromision': 1, 'propuesta': 1, 'mia': 1, 'mercado': 1, 'oferta': 1, 'demanda': 1, 'final': 1, 'alquileres': 1, 'hoteles': 1, 'ayuntamiento': 1, 'dia': 1, 'esencia': 1, 'tambien': 1, 'situacion': 1, 'venta': 1, 'vivirlas': 1, 'patios': 1, 'vida': 1, 'freno': 1, 'complicacion': 1, 'inquilinos': 1, 'apartamento': 1, 'COMER': 1, 'pelota': 1, 'administracion': 1, 'expulsion': 1, 'deterioro': 1, 'convivencia': 1, 'mensaje': 1, 'infraestructura': 1, 'seguridad': 1, 'negocio': 1, 'realidad': 1, 'bien': 1, 'cuidado': 1, 'plaga': 1, 'residentes': 1}","{'Madrid': 2, 'https://decide.madrid.es/proposals/23447-elegir-cada-mes-la-propuesta-mas-apoyada-aunque-no-supere-los-27-000-apoyos': 1, 'Vecinxs': 1, 'Fondos': 1, 'Mandy': 1, 'HoteluHostal': 1, 'Venecia': 1}","{'pero': 9, 'para': 8, 'como': 2, 'segun': 1, 'porque': 1, 'mientras': 1}"
8,pid-23219,21,False,0.38,"{'gente': 6, 'rio': 5, 'razon': 4, 'deporte': 4, 'cosas': 3, 'disfrute': 3, 'ademas': 2, 'remo': 2, 'esqui': 2, 'tambien': 2, 'instalaciones': 2, 'ecosistema': 2, 'problema': 1, 'ayuntamiento': 1, 'escala': 1, 'peces': 1, 'agua': 1, 'alpinismo': 1, 'llanura': 1, 'apoyos': 1, 'informacion': 1, 'modo': 1, 'paisaje': 1, 'iniciativa': 1, 'tema': 1, 'origen': 1, 'cabeza': 1, 'pista': 1, 'centro': 1, 'deportes': 1, 'puerta': 1, 'casa': 1, 'apertura': 1, 'presa': 1, 'vida': 1, 'falta': 1, 'cuenta': 1, 'tierra': 1, 'ganado': 1, 'rios': 1, 'cosa': 1, '2012': 1, 'paseos': 1, 'fotos': 1, 'oportunidad': 1, 'intromision': 1, 'propuesta': 1, 'mia': 1, 'amante': 1, 'natrualeza': 1, 'paso': 1, 'j': 1, 'piraguismo': 1, 'zona': 1, 'uso': 1, 'opciones': 1, 'pena': 1, 'vista': 1, 'chicas': 1, 'naturaleza': 1, 'transporte': 1, 'tantos': 1, 'espacio': 1, 'costa': 1, 'construccion': 1, 'infraestructura': 1, 'tipo': 1, 'administracion': 1, 'recuperacion': 1, 'materia': 1, 'zonas': 1, 'ciudad': 1, 'ultimos': 1, 'colaboracion': 1}","{'Madrid': 3, 'Manzanares': 2, 'Accion': 1, 'https://decide.madrid.es/proposals/23447-elegir-cada-mes-la-propuesta-mas-apoyada-aunque-no-supere-los-27-000-apoyos': 1, 'Legazpi': 1, 'ComunidadAutonoma': 1}","{'pero': 11, 'para': 8, 'si': 1, 'porque': 1}"
9,pid-152,18,False,0.32,"{'anos': 9, 'paneles': 5, 'propuesta': 4, 'agua': 4, 'placas': 3, 'futuro': 3, 'cambio': 3, 'energia': 2, 'panel': 2, 'pq': 2, 'deshechos': 2, 'intencion': 2, 'desconocimiento': 2, 'industria': 2, 'desechos': 2, 'centrales': 2, 'instalaciones': 2, 'gas': 2, 'solar': 2, 'fotovoltaicas': 2, 'ahorro': 2, 'invierno': 2, 'favor': 2, 'tambien': 2, 'temas': 1, 'vida': 1, 'familias': 1, 'recursos': 1, 'hijos': 1, 'pueblo': 1, 'garantia': 1, 'cantidad': 1, 'plan': 1, 'reciclaje': 1, 'hecho': 1, 'escala': 1, 'generacion': 1, 'subvenciones': 1, 'viviendas': 1, 'ensanche': 1, 'vallecas': 1, 'calefaccion': 1, 'vez': 1, 'revisiones': 1, 'lad': 1, 'legionela': 1, 'cara': 1, 'ademas': 1, 'rendimento': 1, 'frio': 1, 'reforma': 1, 'progrma': 1, 'puesta': 1, 'servicio': 1, 'ascensores': 1, 'renovacion': 1, 'fachadas': 1, 'impacto': 1, 'parte': 1, 'idea': 1, 'tema': 1, 'favorecerlo': 1, 'tal': 1, 'subvencion': 1, 'ley': 1, 'competencia': 1, 'ayuntamiento': 1, 'votos': 1, 'prensa': 1, 'opinion': 1, 'medidas': 1, 'opiniones': 1, 'contundencia': 1, 'conceptos': 1, 'economia': 1, 'redistribucion': 1, 'riqueza': 1, 'mimi': 1, 'inversion': 1, 'problema': 1, 'dependencia': 1, 'CO2': 1, 'casas': 1, 'coches': 1, 'petroleo': 1, 'fuentes': 1, 'gasto': 1, 'traves': 1, 'acuerdo': 1, 'equipos': 1, 'instaladores': 1, 'dandoles': 1, 'formacion': 1, 'impulso': 1, 'mayoria': 1, 'comunidades': 1, 'vecinos': 1}","{'Madrid': 1, 'Ayuntamiento': 1, 'SIRENA': 1, 'Sol': 1, 'GobiernodeEspana': 1, 'Inem': 1}","{'pero': 14, 'sino': 2, 'ya que': 1, 'para': 1}"
10,pid-50,15,False,0.27,"{'bici': 8, 'trafico': 6, 'trabajo': 4, 'coches': 3, 'parte': 2, 'ciclistas': 2, 'tramo': 2, 'vias': 2, 'carril': 2, 'n': 2, 'propuesta': 1, 'temas': 1, 'vida': 1, 'familias': 1, 'recursos': 1, 'hijos': 1, 'acuerdo': 1, 'autopista': 1, 'carriles': 1, 'municipios': 1, 'infracciones': 1, 'traficos': 1, 'dias': 1, 'taxistas': 1, 'autobuseros': 1, 'debate': 1, 'solucion': 1, 'riesgos': 1, 'cambio': 1, 'conductores': 1, 'vehiculo': 1, 'atascos': 1, 'necesidad': 1, 'red': 1, 'accidentes': 1, 'ratio': 1, 'desplazamientos': 1, 'metros': 1, 'ciclista': 1, 'linea': 1, 'caso': 1, 'segundos': 1, 'percepcion': 1, 'seguridad': 1, 'idea': 1, 'urbano': 1, 'loco': 1, 'madre': 1, 'velocidad': 1, 'bicis': 1, 'semaforos': 1, 'resto': 1, 'usuarios': 1, 'infraestructuras': 1, 'confianza': 1, 'utilizo': 1, 'diario': 1, 'veces': 1, 'semana': 1}","{'ciclista': 2, 'Rivas': 1, 'Madrid': 1, 'https://decide.madrid.es/proposals/1537': 1, 'Paseodel': 1, 'Castellana': 1, 'Prado': 1}","{'pero': 10, 'para': 3, 'porque': 1, 'sino': 1}"
11,pid-19170,15,False,0.27,"{'cuerpo': 7, 'personas': 7, 'operaciones': 6, 'dientes': 4, 'problema': 3, 'presion': 3, 'nino': 3, 'nina': 3, 'tambien': 3, 'prioridad': 3, 'cuestion': 3, 'medico': 3, 'sociedad': 2, 'operacion': 2, 'tema': 2, 'anos': 2, 'operarse': 2, 'claro': 2, 'medicos': 2, 'supuesto': 2, 'cirugia': 2, 'caso': 2, 'necesidades': 2, 'cosa': 2, 'necesidad': 2, 'vez': 2, 'caja': 2, 'viceversa': 2, 'ejemplos': 2, 'valores': 1, 'comportamientos': 1, 'actitudes': 1, 'debate': 1, 'envergadura': 1, 'obligacion': 1, 'condicionantes': 1, 'trabuco': 1, 'tetas': 1, 'edad': 1, 'padres': 1, 'ninos': 1, 'fin': 1, 'impedimentos': 1, 'soluciones': 1, 'verdad': 1, 'desconchones': 1, 'pene': 1, 'vulva': 1, 'reves': 1, 'hacerlo': 1, 'canon': 1, 'obligando': 1, 'deformidades': 1, 'prioridades': 1, 'gusto': 1, 'orientacion': 1, 'diferencia': 1, 'comparacion': 1, 'cosas': 1, 'normalidad': 1, 'top': 1, 'model': 1, 'embellecimientos': 1, 'tendran': 1, 'sistema': 1, 'seguridad': 1, 'vera': 1, 'dentista': 1, 'cadenas': 1, 'dinero': 1, 'metodo': 1, 'sesiones': 1, 'anorexicos': 1, 'bulimicos': 1, 'veces': 1, 'percepcion': 1, 'enfermo': 1, 'hombres': 1, 'cuerpos': 1, 'mujeres': 1, 'avances': 1, 'disposicion': 1, 'acuerdo': 1, 'naturaleza': 1, 'examen': 1, 'hombre': 1, 'mujer': 1, 'tabaco': 1, 'tratamiento': 1, 'resumen': 1}","{'SS': 2, 'Yola': 1, 'dentista': 1}","{'pero': 12, 'sino': 1, 'como': 1, 'en base a': 1}"
12,pid-26787,15,False,0.27,"{'contaminacion': 3, 'apoyo': 3, 'proyecto': 3, 'ricos': 2, 'problemas': 2, 'solucion': 2, 'necesidad': 2, 'niveles': 2, 'turistas': 1, 'calles': 1, 'resto': 1, 'madrilenos': 1, 'derechos': 1, 'circulacion': 1, 'moto': 1, 'atascos': 1, 'ende': 1, 'periferia': 1, 'beneficio': 1, 'Tal': 1, 'propuesta': 1, 'restricciones': 1, 'trafico': 1, 'paso': 1, 'circo': 1, 'mercado': 1, 'autorizaciones': 1, 'empadronamientos': 1, 'indemnizacion': 1, 'anos': 1, 'ruido': 1, 'insomnio': 1, 'casa': 1, 'pito': 1, 'ruidos': 1, 'motores': 1, 'multa': 1, 'cosas': 1, 'pesadillas': 1, 'caso': 1, 'pulso': 1, 'ayuntamiento': 1, 'elecciones': 1, 'manera': 1, 'prisas': 1, 'ansiedad': 1, 'cuenta': 1, 'cantidad': 1, 'casuisticas': 1, 'acceso': 1, 'parte': 1, 'feudo': 1, 'operacion': 1, 'descontento': 1, 'acuerdo': 1, 'gente': 1, 'coche': 1, 'centro': 1, 'ejemplo': 1, 'hermana': 1, 'empresa': 1, 'moda': 1, 'horas': 1, 'noche': 1, 'transporte': 1, 'buscarla': 1, 'vida': 1, 'buho': 1, 'mayoria': 1}","{'Madrid': 3, 'MadridCentral': 2, 'Carmena': 2, 'elCentro': 1, 'Europa': 1, 'Central': 1, 'PP': 1, 'Ayto': 1, 'Chamartin': 1, 'https://elpais.com/sociedad/2019/06/17/actualidad/1560796857_561737.html': 1, 'GranVia': 1}","{'pero': 12, 'para': 2, 'mientras': 1}"
13,pid-8640,14,False,0.25,"{'gente': 3, 'educacion': 3, 'trabajo': 3, 'publica': 2, 'ensenanza': 2, 'libertad': 2, 'impuestos': 2, 'd': 1, 'ela': 1, 'costeatela': 1, 'bolsillo': 1, 'alos': 1, 'eno': 1, 'alumnado': 1, 'centros': 1, 'ensenanzas': 1, 'documentarse': 1, 'riesgo': 1, 'sufragarse': 1, 'traves': 1, 'publico': 1, 'intereses': 1, 'colegios': 1, 'parte': 1, 'subvenciones': 1, 'publicos': 1, 'personas': 1, 'polideportivos': 1, 'derecho': 1, 'instalaciones': 1, 'gimnasios': 1, 'fin': 1, 'envidia': 1, 'deporte': 1, 'apuntelo': 1, 'servicios': 1, 'padres': 1, 'dinero': 1, 'hijos': 1, 'tomadura': 1, 'pelo': 1, 'verguenza': 1, 'ingles': 1, 'perspectiva': 1, 'supuesto': 1, 'profesor': 1, 'universidad': 1, 'pedagogia': 1, 'piltrafilla': 1, 'examen': 1, 'casos': 1, 'espanoles': 1, 'resto': 1, 'paises': 1, 'profesores': 1}",{'profesor': 1},"{'pero': 8, 'si': 2, 'mientras': 1, 'siempre que': 1, 'como': 1, 'para': 1}"
14,pid-2524,13,True,0.23,"{'mujeres': 3, 'anos': 3, 'personas': 2, 'sugerencias': 2, 'criticas': 2, 'mujer': 2, 'edad': 2, 'humillaciones': 2, 'vejaciones': 2, 'aqui': 2, 'espacio': 1, 'inquietudes': 1, 'vez': 1, 'sexo': 1, 'raza': 1, 'comentario': 1, 'tiempo': 1, 'corregirlo': 1, 'cosa': 1, 'borrador': 1, 'hecho': 1, 'discriminacion': 1, 'sociedad': 1, 'cuestion': 1, 'ninguneos': 1, 'ciclos': 1, 'vida': 1, 'creacion': 1, 'casa': 1, 'votarla': 1, 'difusion': 1, 'aliento': 1, 'proyecto': 1, 'mio': 1, 'alrededores': 1, 'ciudad': 1, 'impulsarla': 1}","{'Oporto': 1, 'Madrid': 1}","{'pero': 4, 'para': 3, 'porque': 3, 'si': 2, 'aunque': 1}"
15,pid-24978,13,False,0.23,"{'ley': 4, 'pais': 3, 'precio': 2, 's': 2, 'normas': 1, 'tarifa': 1, 'demandante': 1, 'compruebalo': 1, 'empresas': 1, 'parecer': 1, 'violencia': 1, 'autoridades': 1, 'ciudadanos': 1, 'favor': 1, 'privilegios': 1, 'vtc': 1, 'dia': 1, 'futbol': 1, 'precios': 1, 'reservas': 1, 'falta': 1, 'votacion': 1, 'convenio': 1, 'libranza': 1, 'empleado': 1, 'cumplirse': 1, 'taxi': 1, 'horas': 1, 'carril': 1, 'leyes': 1, 'proporcion': 1, 'problema': 1}","{'laDemocracia': 1, 'VTCs': 1}","{'para': 7, 'pero': 4, 'sino': 1, 'si': 1}"
16,pid-24954,12,False,0.21,"{'taxi': 4, 'condiciones': 2, 'ley': 2, 'servicio': 2, 'trabajo': 2, 'igualdad': 1, 'respecto': 1, 'leyes': 1, 'horarios': 1, 'cuanto': 1, 'proporcionalidad': 1, 'cosa': 1, 'jornada': 1, 'horas': 1, 'empleados': 1, 'coche': 1, 'empleo': 1, 'personas': 1, 'mayoria': 1, 'profesionales': 1, 'servicios': 1, 'sectores': 1, 'sector': 1, 'complicaciones': 1, 'trafico': 1, 'contaminacion': 1, 'sitio': 1, 'SP': 1, 'publico': 1, 'autorizacion': 1, 'pesar': 1, 'experiencia': 1, 'asi': 1, 'limitacion': 1, 'cuestion': 1, 'autorizaciones': 1, 'macho': 1, 'conductor': 1, 'comentarios': 1, 'reglas': 1, 'taxis': 1, 'ano': 1, 'bien': 1, 'ciudadanos': 1, 'problemas': 1, 'salud': 1, 'conflictos': 1, 'floteros': 1, 'licencias': 1, 'unidades': 1, 'persona': 1, 'cambio': 1}","{'VTC': 1, 'conductor': 1}","{'pero': 5, 'para': 4, 'si': 1, 'porque': 1, 'pues': 1}"
17,pid-19022,11,False,0.2,"{'kmh': 5, 'velocidad': 3, 'paso': 2, 'placa': 2, 'ciclistas': 2, 'bicicletas': 2, 'compra': 2, 'carrito': 2, 'ventajas': 1, 'inconvenientes': 1, 'suerte': 1, 'semaforo': 1, 'obstaculo': 1, 'ordenanza': 1, 'necesidad': 1, 'licencia': 1, 'conflictos': 1, 'problema': 1, 'mortalidad': 1, 'caso': 1, 'accidente': 1, 'vehiculo': 1, 'fuente': 1, 'dgt': 1, 'conclusion': 1, 'danos': 1, 'peaton': 1, 'persona': 1, 'punetazo': 1, 'robarte': 1, 'cartera': 1, 'gente': 1, 'dano': 1, 'camion': 1, 'velocidades': 1, 'comentario': 1, 'enlace': 1, 'argumentos': 1, 'intencion': 1, 'razonamientos': 1, 'vez': 1, 'falacias': 1, 'absurdo': 1, 'personas': 1, 'carritos': 1, 'juicio': 1, 'forma': 1, 'debate': 1, 'infraestructura': 1, 'tipo': 1, 'vehiculos': 1}","{'Quereis': 1, 'dgthttp://www.dgt.es/PEVI/documentos/catalogo_recursos/didacticos/did_adultas/velocidad.pdf': 1}","{'pero': 6, 'para': 2, 'como': 1, 'mientras': 1, 'sino': 1}"
18,pid-23704,11,False,0.2,"{'peliculas': 7, 'terror': 5, 'publicidad': 1, 'reglas': 1, 'ordenanzas': 1, 'linea': 1, 'parte': 1, 'vida': 1, 'mundo': 1, 'posicion': 1, 'visibilidad': 1, 'atencion': 1, 'gente': 1, 'apoyo': 1, 'ciudadania': 1, 'intervencion': 1, 'potestad': 1, 'calzador': 1, 'psicologia': 1, 'colectivo': 1, 'respecto': 1, 'calificacion': 1, 'pelicula': 1, 'contenido': 1, 'edad': 1, 'poster': 1, 'violencia': 1, 'vetarlos': 1, 'censura': 1, 'clasificacion': 1, 'rating': 1}","{'Ayuntamiento': 1, 'Venom': 1, 'experto': 1, 'InstitutodelaCinematografiaydelasArtes': 1}","{'pero': 7, 'para': 2, 'como': 1, 'sino': 1}"
19,pid-494,10,False,0.18,"{'pintadas': 4, 'arte': 4, 'acuerdo': 4, 'multas': 3, 'n': 2, 'cuadros': 2, 'paredes': 2, 'casa': 2, 'escarnio': 2, 'chavales': 2, 'papa': 2, 'mama': 2, 'lugares': 2, 'lugar': 2, 'comunidad': 2, 'negocios': 1, 'cierres': 1, 'pcos': 1, 'tambien': 1, 'queja': 1, 'funcionamiento': 1, 'pagina': 1, 'grafiti': 1, 'trabajos': 1, 'meses': 1, 'duracion': 1, 'espacios': 1, 'colaboracion': 1, 'ciudad': 1, 'dano': 1, 'vista': 1, 'canalladas': 1, 'ataque': 1, 'propiedad': 1, 'lado': 1, 'colegios': 1, 'institutos': 1, 'desastre': 1, 'barrio': 1, 'propuesta': 1, 'limpieza': 1, 'brigadas': 1, 'investigacion': 1, 'patrullas': 1, 'vigilancia': 1, 'inversion': 1, 'plan': 1}",{'grafiti': 1},"{'pero': 6, 'para': 3, 'como': 1}"
20,pid-664,10,False,0.18,"{'mujer': 4, 'personas': 2, 'propuesta': 1, 'temas': 1, 'vida': 1, 'familias': 1, 'recursos': 1, 'hijos': 1, 'diseno': 1, 'intimidad': 1, 'usos': 1, 'deterioro': 1, 'droga': 1, 'etc.': 1, 'uso': 1, 'olvidarnos': 1, 'cuclillas': 1, 'facilidad': 1, 'caracteristicas': 1, 'qie': 1, 'bar': 1, 'euso': 1, 'seguridad': 1, 'mentira': 1, 'gente': 1, 'ciudad': 1, 'fin': 1, 'mes': 1, 'vez': 1, 'bano': 1, 'casa': 1, 'medios': 1, 'sitios': 1, 'calle': 1, 'veces': 1, 'aguantarse': 1}",{'EstaciondeMetrohayBanos': 1},"{'pero': 9, 'para': 1}"
21,pid-1121,10,False,0.18,"{'beneficios': 8, 'ejemplo': 2, 'barrio': 2, 'vecindario': 2, 'comercios': 2, 'museo': 2, 'tal': 2, 'propuesta': 2, 'vecinos': 2, 'zona': 2, 'ejemplos': 1, 'idea': 1, 'existencia': 1, 'usuarios': 1, 'metro': 1, 'suelo': 1, 'cuenta': 1, 'expropiartelo': 1, 'desahuciarte': 1, 'cocheras': 1, 'Metro': 1, 'peligro': 1, 'contrario': 1, 'cooperativa': 1, 'pelotazo': 1, 'empresa': 1, 'formas': 1, 'cosa': 1, 'inversion': 1, 'terreno': 1, 'concurso': 1}","{'Madrid': 3, 'MetrodeMadrid': 3, 'CaixaForum': 1, 'AlbertoAguilera': 1, 'ICADE': 1, 'Caminos': 1, 'Metrode': 1, 'Ibosa': 1}","{'pero': 4, 'para': 3, 'sino': 1, 'como': 1, 'porque': 1}"
22,pid-4429,10,False,0.18,"{'propuesta': 2, 'parte': 2, 'temas': 1, 'vida': 1, 'familias': 1, 'recursos': 1, 'hijos': 1, 'colocacion': 1, 'bandera': 1, 'gay': 1, 'belen': 1, 'creencias': 1, 'demas': 1, 'personas': 1, 'problemas': 1, 'trafico': 1, 'construccion': 1, 'parkings': 1, 'ejemplo': 1, 'tradiciones': 1, 'problema': 1, 'caso': 1, 'democracia': 1, 'revanchismo': 1, 'pais': 1, 'aconfesional': 1, 'tradicion': 1, 'religion': 1}","{'Espana': 2, 'Madrid': 1, 'EstadoLaico': 1}","{'pero': 6, 'como': 1, 'sino': 1, 'si': 1, 'porque': 1}"
23,pid-7599,10,False,0.18,"{'limpieza': 5, 'ayuntamiento': 4, 'gente': 3, 'anos': 3, 'hojas': 2, 'ciudadanos': 2, 'uso': 2, 'acuerdo': 2, 'razon': 2, 'mejora': 2, 'barrio': 2, 'servicio': 2, 'diario': 1, 'parque': 1, 'semanas': 1, 'soplahojas': 1, 'pincel': 1, 'zona': 1, 'paso': 1, 'papilla': 1, 'llegada': 1, 'culturas': 1, 'educaciones': 1, 'bolsas': 1, 'basura': 1, 'calle': 1, 'barrenderos': 1, 'protesta': 1, 'tambien': 1, 'persona': 1, 'efectos': 1, 'corto': 1, 'medioplazo': 1, 'conciencia': 1, 'parte': 1, 'cantidad': 1, 'papeleras': 1, 'vacien': 1, 'frecuencia': 1, 'barrios': 1, 'problemas': 1, 'suciedad': 1, 'importancia': 1, 'calles': 1, 'constancia': 1, 'cartelitos': 1, 'ciudadano': 1, 'manera': 1, 'culpa': 1, 'papeles': 1, 'suelo': 1, 'pregunta': 1, 'servicios': 1, 'atras': 1, 'ciudad': 1}","{'PaseoImprial': 1, 'Calle': 1, 'Toledo': 1, 'CiudadLineal': 1, 'Madrid': 1, 'MariaCondado': 1}","{'pero': 9, 'mientras': 1}"
24,pid-10996,10,False,0.18,"{'euros': 9, 'abono': 7, 'precio': 5, 'personas': 5, 'jovenes': 3, 'paro': 2, 'persona': 2, 'bien': 1, 'sitios': 1, 'titular': 1, 'articulo': 1, 'periodico': 1, 'metro': 1, 'cargo': 1, 'economicas': 1, 'empresas': 1, 'propuesta': 1, 'ayuda': 1, 'impuestos': 1, 'base': 1, 'tambien': 1, 'anos': 1, 'medida': 1, 'incoherencia': 1, 'cobre': 1, 'subsidio': 1, 'zona': 1, 'transporte': 1, 'idea': 1, 'usuarios': 1, 'diario': 1, 'bus': 1, 'paradas': 1, 'empleada': 1, 'ingresos': 1, 'beca': 1, 'estudiantes': 1, 'centro': 1, 'estudios': 1}","{'Ayuntamiento': 1, 'EducacionoSeguridad': 1, 'Sanidad': 1}","{'pero': 7, 'para': 2, 'porque': 1}"
25,pid-86,9,False,0.16,"{'propuesta': 4, 'barrio': 2, 'puntos': 2, 'enlace': 2, 'tambien': 1, 'hecho': 1, 'temas': 1, 'vida': 1, 'familias': 1, 'recursos': 1, 'hijos': 1, 'camino': 1, 'botellas': 1, 'ayuntamiento': 1, 'ninos': 1, 'curso': 1, 'contenedores': 1, 'calles': 1, 'causa': 1, 'vandalismo': 1, 'mundo': 1, 'lugares': 1, 'acceso': 1, 'Gracias': 1, 'informacion': 1, 'horarios': 1, 'pereza': 1, 'ciudadanos': 1, 'excusa': 1, 'motivo': 1, 'descripcion': 1, 'enlaces': 1, 'explicacion': 1, 'apoyoshttps': 1}",{},"{'pero': 7, 'porque': 2}"
26,pid-1284,9,False,0.16,"{'acto': 4, 'libertad': 3, 'cargo': 2, 'titulo': 1, 'nivel': 1, 'presencia': 1, 'autoridades': 1, 'fiestas': 1, 'componente': 1, 'cosa': 1, 'politico': 1, 'pueblo': 1, 'APOYO': 1, 'aplicacion': 1, 'trampa': 1, 'CONTRA': 1, 'acuerdo': 1, 'postura': 1, 'cosas': 1, 'cabeza': 1, 'pena': 1, 'creencia': 1, 'atentado': 1, 'eleccion': 1, 'ninos': 1, 'lado': 1, 'ano': 1, 'minoria': 1, 'crucifijos': 1, 'mayoria': 1, 'religion': 1, 'ciudadanos': 1, 'culto': 1, 'aguantarla': 1}","{'MIla': 1, 'China': 1, 'Estado': 1, 'Justicia': 1}","{'pero': 8, 'sino': 1}"
27,pid-1821,9,False,0.16,"{'desgracia': 8, 'mensajes': 8, 'acuerdo': 1, 'noche': 1, 'favor': 1}",{},{'pero': 9}
28,pid-19024,9,False,0.16,"{'basura': 3, 'medida': 2, 'sistema': 2, 'tiempo': 2, 'gente': 2, 'importancia': 1, 'calle': 1, '2011': 1, 'marcha': 1, 'plazas': 1, 'aparcamiento': 1, 'minusvalidos': 1, 'setas': 1, 'solo': 1, 'propietario': 1, 'piso': 1, 'inquilino': 1, 'alquiler': 1, 'etc.': 1, 'manzanas': 1, 'vecinos': 1, 'perderlo': 1, 'desplazamiento': 1, 'cuarto': 1, 'basuras': 1, 'tambien': 1, 'acertaras': 1, 'refran': 1, 'cosa': 1, 'cara': 1, 'bloque': 1, 'cubos': 1, 'cantidad': 1, 'principio': 1, 'acuerdo': 1}","{'IU': 1, 'propietario': 1, 'Ayuntamiento': 1}","{'pero': 5, 'como': 2, 'para': 1, 'en contra de': 1}"
29,pid-3091,9,False,0.16,"{'perros': 4, 'propuesta': 2, 'hijos': 2, 'pipi-can': 2, 'temas': 1, 'vida': 1, 'familias': 1, 'recursos': 1, 'experto': 1, 'cantidad': 1, 'calidad': 1, 'heces': 1, 'pelo': 1, 'frotis': 1, 'ect': 1, 'trasto': 1, 'ser': 1, 'celulas': 1, 'espana': 1, 'sugerencia': 1, '#': 1, 'implantacion': 1, 'sistema': 1, 'censo': 1, 'tema': 1, 'cacas': 1, 'aceras': 1, 'puerta': 1, 'colegio': 1, 'excrementos': 1, 'problemas': 1, 'medida': 1, 'gente': 1, 'veces': 1, 'fotografias': 1}","{'https://decide.madrid.es/proposals/117': 2, 'experto': 1, 'ADN': 1, 'https://decide.madrid.es/proposals/2721': 1}","{'pero': 5, 'para': 3, 'porque': 1}"
30,pid-21171,9,True,0.16,"{'monopatin': 4, 'uso': 3, 'medio': 3, 'aceras': 2, 'transporte': 2, 'Retirada': 1, 'prohibicion': 1, 'via': 1, 'borrador': 1, 'calzadas': 1, 'zonas': 1, 'ciclistas': 1, 'verdad': 1, 'diseno': 1, 'portada': 1, 'web': 1, 'imagen': 1, 'skaters': 1, 'sensacion': 1, 'ayuntamiento': 1, 'lado': 1, 'skate': 1, 'ciudad': 1, 'coche': 1, 'casa': 1, 'respeto': 1, 'lugares': 1, 'vehiculos': 1, 'peatones': 1, 'peligro': 1, 'ninos': 1, 'personas': 1, 'patinete': 1, 'trabajo': 1, 'moverme': 1, 'intromision': 1, 'propuesta': 1, 'mia': 1, 'jovenes': 1, 'padres': 1, 'abuelos': 1, 'vosotros': 1, 'anos': 1}","{'OrdenanzadeMovilidadSostenibledeMadrid': 1, 'Madrid': 1, 'https://decide.madrid.es/proposals/23447-elegir-cada-mes-la-propuesta-mas-apoyada-aunque-no-supere-los-27-000-apoyos': 1}","{'pero': 6, 'para': 2, 'como': 1}"
31,pid-8044,9,False,0.16,"{'demas': 2, 'facultad': 1, 'capilla': 1, 'existencia': 1, 'decencia': 1, 'dimisiones': 1, 'politicos': 1, 'salis': 1, 'defenderlos': 1, 'verdad': 1, 'intencion': 1, 'tambien': 1, 'juzgado': 1, 'tetas': 1, 'cargo': 1, 'referis': 1, 'vosotros': 1, 'aqui': 1, 'cana': 1, 'mierda': 1, 'gobierno': 1, 'gente': 1, 'cosa': 1, 'ascenso': 1, 'mal': 1}","{'PP': 1, 'EsperanzaAguirre': 1, 'AnaBotella': 1}","{'pero': 5, 'como': 2, 'para': 1, 'gracias a': 1}"
32,pid-10934,9,False,0.16,"{'gastos': 4, 'perros': 3, 'hacerlo': 2, 'duenos': 1, 'vias': 1, 'animales': 1, 'pipi-can': 1, 'centro': 1, 'estercolero': 1, 'fines': 1, 'semana': 1, 'dejare': 1, 'caquitas': 1, 'trabajos': 1, 'pago': 1, 'personas': 1, 'ninos': 1, 'padres': 1, 'educacion': 1, 'escolarizacion': 1, 'enfermos': 1, 'medicinas': 1, 'medicos': 1, 'parados': 1, 'familiares': 1, 'alimentacion': 1, 'alojamiento': 1, 'solo': 1, 'excusa': 1, 'derecho': 1, 'recogerlos': 1, 'servicio': 1, 'impuesto': 1, 'perro': 1, 'limpas': 1, 'calles': 1, 'animal': 1, 'necesidades': 1}",{'https://decide.madrid.es/proposals/117': 1},"{'pero': 5, 'sino': 2, 'para': 1, 'como': 1}"
33,pid-15996,9,False,0.16,"{'uso': 3, 'viviendas': 3, 'transporte': 2, 'caso': 2, 'vivienda': 2, 'Av.': 1, 'espacios': 1, 'anillo': 1, 'espacio': 1, 'bicicleta': 1, 'dossier': 1, 'lineas': 1, 'metro': 1, 'autobus': 1, 'funciones': 1, 'comedor': 1, 'policia': 1, 'factor': 1, 'importancia': 1, 'personas': 1, 'grupos': 1, 'violencia': 1, 'genero': 1, 'instalaciones': 1, 'impuestos': 1, 'desigualdades': 1, 'mayoria': 1, 'parcela': 1, 'pocas': 1, 'tamano': 1, 'dotaciones': 1, 'barrio': 1, 'diseno': 1, 'comunicacion': 1, 'resto': 1, 'zona': 1, 'colegios': 1, 'zonas': 1, 'disposicion': 1}","{'Madrid': 2, 'Cuba': 1, 'SanBlas': 1, 'Machupichu': 1, 'JuntadeDistrito': 1, 'ciclista': 1, 'http://www.madrid.es/UnidadesDescentralizadas/UDCMedios/noticias/2017/02Febrero/07Martes/Notasprensa/ARTEfactos/ficheros/Arte%20factos.pdf': 1, 'Metro': 1, 'EMT': 1}","{'para': 3, 'si': 2, 'pero': 2, 'sino': 2}"
34,pid-19,8,True,0.14,"{'campo': 3, 'centro': 2, 'moro': 2, 'jardines': 2, 'trazado': 2, 'trafico': 2, 'forma': 1, 'solo': 1, 'metros': 1, 'conexiones': 1, 'propuesta': 1, 'temas': 1, 'vida': 1, 'familias': 1, 'recursos': 1, 'hijos': 1, 'acuerdo': 1, 'publico': 1, 'sabatino': 1, 'decir': 1, 'vallas': 1, 'zonas': 1, 'casa': 1, 'sabatini': 1, 'horas': 1, 'reforma': 1, 'mente': 1, 'idea': 1, 'problemas': 1, 'cuesta': 1, 'red': 1, 'linea': 1, 'distancias': 1, 'coste': 1, 'soterramiento': 1, 'densidad': 1, 'problema': 1, 'estudio': 1, 'alternativas': 1, 'serian': 1, 'aparcamientos': 1, 'reduccion': 1, 'carriles': 1, 'tambien': 1, 'buses': 1}","{'Madrid': 4, 'Rio': 3, 'CasadeCampo': 1, 'Plaza': 1, 'Espana': 1, 'San': 1, 'Piramides': 1, 'Metro': 1, 'Viciente': 1, 'Renfe': 1, 'EMT': 1, ""O'Donnell"": 1}","{'pero': 6, 'para': 2}"
35,pid-23,8,False,0.14,"{'centro': 5, 'comercios': 4, 'peatonalizacion': 4, 'atractivos': 2, 'moda': 2, 'calcarnos': 2, 'cabeza': 2, 'calles': 2, 'cementerios': 2, 'final': 2, 'gente': 2, 'restricciones': 2, 'lugares': 2, 'vecinos': 2, 'medidas': 1, 'problemas': 1, 'minorias': 1, 'normativa': 1, 'cara': 1, 'galeria': 1, 'vecino': 1, 'trabajo': 1, 'parte': 1, 'estudios': 1, 'ciudades': 1, 'comerciantes': 1, 'negocio': 1, 'derecho': 1, 'coche': 1, 'residencia': 1, 'medio': 1, 'locomocion': 1, 'propiedad': 1}",{'Madrid': 2},"{'pero': 7, 'sino': 1}"
36,pid-417,8,False,0.14,"{'dia': 4, 'vida': 2, 'servicio': 2, 'impuestos': 2, 'tambien': 2, 'propuesta': 1, 'temas': 1, 'familias': 1, 'recursos': 1, 'hijos': 1, 'uso': 1, 'comunidad': 1, 'tasas': 1, 'pago': 1, 'largo': 1, 'servicios': 1, 'ademas': 1, 'madre': 1, 'anos': 1, 'informacion': 1, 'derecho': 1, 'peticiones': 1, 'ciudadanos': 1, 'pastel': 1, 'medicina': 1, 'quejarme': 1, 'importe': 1, 'deber': 1, 'ciudadano': 1, 'ciudad': 1, 'barrio': 1, 'cosas': 1}",{'Madrid': 1},"{'pero': 4, 'para': 2, 'como': 2}"
37,pid-900,8,False,0.14,"{'pan': 3, 'bancos': 2, 'cosas': 2, 'multinacional': 1, 'euros': 1, 'barra': 1, 'cosa': 1, 'gente': 1, 'forma': 1, 'vivienda': 1, 'ademas': 1, 'deudas': 1, 'consecuencia': 1, 'vueltas': 1, 'no-beneficios': 1, 'mindungui': 1, 'pie': 1, 'instituciones': 1, 'ley': 1, 'mecanismos': 1, 'venta': 1, 'alquiler': 1, 'casas': 1, 'estrategia': 1, 'especulacion': 1, 'precio': 1, 'inmuebles': 1, 'panaderos': 1, 'merma': 1, 'dinero': 1, 'beneficio': 1, 'acuerdo': 1, 'medida': 1, 'marketing': 1, 'propuesta': 1, 'mundo': 1, 'bola': 1, 'cristal': 1, 'firmarlas': 1}","{'Espana': 1, 'panadera': 1}","{'pero': 6, 'si': 1, 'mientras': 1}"
38,pid-1824,8,True,0.14,"{'supermercado': 6, 'botellas': 4, 'propuestas': 3, 'envase': 2, 'centimos': 2, 'tema': 2, 'sistema': 1, 'reciclaje': 1, 'maquina': 1, 'lata': 1, 'euros': 1, 'cajas': 1, 'ley': 1, 'trampa': 1, 'botella': 1, 'devuelves': 1, 'supermercados': 1, 'idea': 1, 'registro': 1, 'tambien': 1, 'saludos': 1, 'calles': 1, 'paises': 1, 'medida': 1, 'cristal': 1, 'lugar': 1, 'peligro': 1, 'cortes': 1, 'datos': 1, 'momento': 1, 'aclaraciones': 1}","{'Aleman': 1, 'Alemania': 1, 'Espana': 1}","{'pero': 4, 'como': 2, 'para': 1, 'ya que': 1}"
39,pid-1918,8,False,0.14,"{'impuesto': 1, 'edad': 1, 'piso': 1, 'alquilarlo': 1, 'sueldo': 1, 'hacerlo': 1, 'padre': 1, 'mitad': 1, 'EUROS': 1, 'instrucciones': 1, 'ordenanza': 1, 'expresion': 1, 'casos': 1, 'anos': 1, 'fundamento': 1, 'TS': 1, 'periodo': 1, 'enlace': 1, 'respuesta': 1, 'ponente': 1, 'lenguaje': 1, 'ayuntamientos': 1, 'pensionista': 1, 'trabajador': 1, 'duenos': 1, 'torres': 1}","{'IBI': 1, 'TS': 1, 'SrFajardoSpinola': 1, 'LRHL': 1, 'https://www.tributolocal.es/las-herencias-tambien-pagan-plusvalia-municipal/comment-page-3/#comment-2958Asi': 1, 'AyuntamientodeMadrid': 1}","{'pero': 3, 'sino': 1, 'porque': 1, 'o sea': 1, 'de acuerdo a': 1, 'para': 1}"
40,pid-2393,8,False,0.14,"{'q': 8, 'ciclistas': 5, 'cerebro': 2, 'bici': 2, 'acera': 1, 'prioridad': 1, 'peaton': 1, 'bandalos': 1, 'todxs': 1, 'planteamiento': 1, 'preferencia': 1, 'calles': 1, 'bicicletas': 1, 'precaucion': 1, 'vehiculos': 1, 'gente': 1, 'aviso': 1, 'problema': 1, 'caso': 1, 'enemigo': 1, 'normas': 1, 'proteccion': 1, 'maquina': 1, 'ruedas': 1, 'mayoria': 1, 'aceras': 1, 'educacion': 1, 'velocidades': 1, 'responsabilidad': 1, 'dano': 1, 'persona': 1}","{'Holanda': 1, 'Paris': 1, 'Hamburgo': 1}","{'pero': 6, 'como': 1, 'sino': 1}"
41,pid-2445,8,False,0.14,"{'peatones': 3, 'calzada': 2, 'plazas': 2, 'casos': 2, 'cuanto': 2, 'aparcamientos': 1, 'bien': 1, 'numero': 1, 'automoviles': 1, 'motorista': 1, 'ejemplos': 1, 'normas': 1, 'duda': 1, 'culpa': 1, 'metros': 1, 'acera': 1, 'mensaje': 1, 'proposicion': 1, 'siquiera': 1, 'aparcamiento': 1, 'coches': 1, 'aceras': 1, 'viandantes': 1, 'cuidado': 1, 'calzadas': 1, 'pasos': 1, 'tambien': 1, 'cuestion': 1, 'ventajas': 1, 'teoria': 1, 'propuesta': 1, 'prohibicion': 1}",{'segundo': 1},"{'pero': 5, 'para': 2, 'si': 1}"
42,pid-23672,8,False,0.14,"{'centro': 4, 'visitas': 2, 'coche': 2, 'paso': 2, 'zona': 2, 'gente': 2, 'vehiculo': 2, 'autorizaciones': 1, 'residentes': 1, 'barrio': 1, 'teletrabajo': 1, 'negocio': 1, 'parkings': 1, 'punto': 1, 'zonas': 1, 'ley': 1, 'paga': 1, 'vehiculos': 1, 'homologacion': 1, 'vias': 1, 'caso': 1, 'disparate': 1, 'bloqueo': 1, 'acceso': 1, 'cero': 1, 'alerta': 1, 'contaminacion': 1, 'trafico': 1, 'verdad': 1, 'intencion': 1, 'bien': 1, 'formas': 1, 'gasto': 1, 'ciudadania': 1, 'general': 1, 'ricachones': 1, 'propiedades': 1, 'alquiler': 1, 'curritos': 1, 'utilizamos': 1, 'manera': 1, 'ejemplo': 1, 'uso': 1, 'puesto': 1, 'necesidades': 1, 'veces': 1, 'voy': 1, 'manana': 1, 'tarde': 1, 'permisos': 1}","{'ITV': 1, 'general': 1}","{'pero': 5, 'para': 2, 'porque': 1}"
43,pid-26277,8,False,0.14,"{'Distrito13': 3, 'poderse': 1, 'respecto': 1, 'canaveral': 1, 'servicios': 1, 'dotaciones': 1, 'distrito': 1, 'cuantas': 1, 'viviendas': 1, 'acuerdo': 1, 'especulacion': 1, 'devaluacion': 1, 'matematicas': 1, 'ayudas': 1, 'vivienda': 1, 'sociedad': 1}",{'Vicalvaro': 1},{'pero': 8}
44,pid-11134,8,False,0.14,"{'ninos': 3, 'dia': 2, 'tiempo': 2, 'conciliacion': 2, 'colegios': 2, 'padres': 2, 'educacion': 1, 'ningun': 1, 'meses': 1, 'ano': 1, 'comprension': 1, 'vida': 1, 'efecto': 1, 'problema': 1, 'solucion': 1, 'centros': 1, 'trabajo': 1, 'jornada': 1, 'madres': 1, 'imaginese': 1, 'horario': 1, 'h': 1, 'cuerpo': 1, 'prorateo': 1, 'manera': 1, 'profesionales': 1, 'nivel': 1, 'cualificacion': 1, 'julio': 1, 'hecho': 1, 'vacaciones': 1, 'disposicion': 1, 'administracion': 1, 'foros': 1, 'realidad': 1, 'exceso': 1, 'derecho': 1, 'perjudicando': 1, 'demanda': 1, 'puertas': 1, 'vez': 1, 'profesores': 1, 'manga': 1}",{'Espana': 1},"{'pero': 7, 'sino': 1}"
45,pid-47,7,False,0.13,"{'movilidad': 5, 'estaciones': 2, 'personas': 2, 'parte': 2, 'ampliacion': 1, 'rampas': 1, 'espacio': 1, 'coche': 1, 'problemas': 1, 'ejemplo': 1, 'ademas': 1, 'normativa': 1, 'prioridad': 1, 'paso': 1, 'ascensores': 1, 'infraestructuras': 1, 'billetes': 1, 'bien': 1, 'accesos': 1, 'dificultad': 1, 'transbordo': 1, 'via': 1, 'escaleras': 1, 'metro': 1, 'madrilenos': 1, 'derecho': 1, 'uso': 1, 'competencia': 1}","{'Ayuntamiento': 2, 'Atocha': 1, 'Madrid': 1, 'ConsorciodeTransportes': 1, 'ComunidaddeMadrid': 1}","{'pero': 4, 'para': 2, 'ya que': 1}"
46,pid-72,7,False,0.13,"{'domingos': 2, 'centro': 2, 'condiciones': 2, 'tiempo': 1, 'quiera': 1, 'gracia': 1, 'mayoria': 1, 'compras': 1, 'veces': 1, 'comercio': 1, 'fin': 1, 'semana': 1, 'ventas': 1, 'internet': 1, 'opinion': 1, 'cosas': 1, 'ocio': 1, 'modo': 1, 'abietas': 1, 'tiendas': 1, 'duenos': 1, 'trabajadores': 1, 'dias': 1, 'horarios': 1}","{'Madrid': 1, 'DVD': 1, 'internet': 1}","{'pero': 6, 'para': 1}"
47,pid-109,7,False,0.13,"{'acuerdo': 5, 'tambien': 2, 'zona': 2, 'parte': 1, 'grafittis': 1, 'apoyo': 1, 'propuesta': 1, 'barrios': 1, 'tasa': 1, 'mascotas': 1, 'pago': 1, 'plano': 1, 'zonas': 1, 'perros': 1, 'extracto': 1, 'normativa': 1, 'cursos': 1, 'basicos': 1, 'etc.': 1, 'casa': 1, 'portal': 1, 'coche': 1, 'mierda': 1, 'ninatos': 1, 'vosotros': 1, 'cuenta': 1, 'labor': 1, 'respeto': 1, 'demas': 1, 'ciudadania': 1, 'personas': 1, 'calle': 1, 'motivo': 1, 'opcion': 1, 'ciudad': 1, 'contrato': 1, 'gestores': 1, 'limpieza': 1, 'graffitis': 1}","{'Centro': 1, 'Malasana': 1, 'Madrid': 1, 'Ayuntamiento': 1}",{'pero': 7}
48,pid-507,7,True,0.13,"{'zona': 9, 'gente': 5, 'nivel': 4, 'sur': 3, 'norte': 3, 'trabajo': 3, 'zonas': 2, 'edificios': 2, 'trafico': 2, 'tambien': 2, 'idea': 2, 'riqueza': 1, 'ampliacion': 1, 'barrios': 1, 'par': 1, 'rascacielos': 1, 'comentarios': 1, 'poblado': 1, 'sedes': 1, 'empresas': 1, 'centros': 1, 'desplazamientos': 1, 'dias': 1, 'aumento': 1, 'contaminacion': 1, 'existencia': 1, 'debate': 1, 'lugar': 1, 'propuesta': 1, 'manana': 1, 'bien': 1, 'transito': 1, 'vida': 1, 'prosperidad': 1, 'negocios': 1, 'cantidad': 1}","{'Madrid': 3, 'Castellana': 1}","{'pero': 4, 'para': 2, 'como': 1}"
49,pid-629,7,False,0.13,"{'tambien': 4, 'ciudad': 4, 'gente': 3, 'acuerdo': 2, 'comentario': 1, 'profesionales': 1, 'coche': 1, 'taxistas': 1, 'necesidades': 1, 'edad': 1, 'prostata': 1, 'derecho': 1, 'casa': 1, 'publico': 1, 'cosas': 1, 'indigentes': 1, 'calle': 1, 'gusto': 1, 'cuanto': 1, 'trato': 1, 'condiciones': 1, 'propuesta': 1, 'temas': 1, 'vida': 1, 'familias': 1, 'recursos': 1, 'hijos': 1, 'ayuda': 1, 'ciudades': 1, 'multas': 1, 'trabajos': 1, 'forma': 1, 'tesitura': 1, 'fuerzas': 1, 'servicios': 1, 'mision': 1, 'educacion': 1, 'servicio': 1, 'embargo': 1, 'vecino': 1, 'basura': 1, 'contenedores': 1, 'suelo': 1, 'sitio': 1}",{'Vallecas': 1},{'pero': 7}
